,count,mean,std,min,max,skew,kurtosis_excess,q01,q99
FPT_close,3473.0,32.57100777425857,33.796049430461814,3.54,131.67,1.309721516011923,0.5348993951262471,3.81,124.88759999999996
VCB_close,3473.0,30.23791534696228,19.44512734466414,4.97,68.6,0.2855046719337007,-1.3470904812009794,5.6644,64.22239999999998
VIC_close,3473.0,29.03757846242442,20.88629594713671,7.39,169.9,2.0001286769937874,7.8933203700937415,7.8772,107.77999999999975
VNM_close,3473.0,56.334773970630586,20.182903195717643,12.72,102.22,-0.4463532894899249,-0.5483942846887326,13.0,98.04399999999998
HPG_close,3473.0,11.175608983587678,8.81661575682607,0.78,32.65,0.5963517502712292,-0.9971237043886974,0.89,30.18
VNINDEX_close,3473.0,912.8546904693349,337.3558581286773,375.26,1784.49,0.26298236668799246,-0.8955853160562506,388.564,1683.4991999999997
VN30_close,3473.0,933.1693118341492,355.672916049875,441.49,2030.63,0.7068236794585311,-0.23260152983245375,455.0944,1919.5887999999995
