,count,mean,std,min,max,skew,kurtosis_excess,q01,q99
FPT_log_return,3473.0,0.0008848156988730389,0.01621744766248491,-0.0725695777583883,0.0679341101387092,-0.03808926945960256,3.322041363397606,-0.04827769455518519,0.047634658682089694
VCB_log_return,3473.0,0.0006634237239145714,0.018046534746388298,-0.0726030809743014,0.06809761627944,-0.051469681433564805,2.5039932807774488,-0.05332208720426805,0.05156053147432481
VIC_log_return,3473.0,0.000813085917366373,0.01903714463947555,-0.0726722448888126,0.0676586484738148,0.23561721140851175,3.4056940882561166,-0.059968189331557786,0.066416665654949
VNM_log_return,3473.0,0.00044645405568637315,0.014742633637563259,-0.0726666161901903,0.067818154865169,0.17458808885966023,3.4098079295436765,-0.03990346180019265,0.04440060267474995
HPG_log_return,3473.0,0.0010060636933985495,0.021036872566721196,-0.073588356657489,0.0700101655726489,-0.015377558040829133,1.547497302102042,-0.06207857718656779,0.06014858874124276
VNINDEX_log_return,3473.0,0.0004233179530021285,0.01156292863084832,-0.0691023648310036,0.0654690484939983,-0.9080642938210546,4.716948291335955,-0.03930551485100927,0.028345580849368782
VN30_log_return,3472.0,0.0004356255392727142,0.01205348088484881,-0.0705222738387014,0.0667004831621289,-0.7920584212229219,4.464094771440257,-0.04149496431553451,0.030326862524294285
