series,lb_5_stat,lb_5_pval,lb_10_stat,lb_10_pval,lb_20_stat,lb_20_pval,lb_abs_5_stat,lb_abs_5_pval,lb_abs_10_stat,lb_abs_10_pval,lb_abs_20_stat,lb_abs_20_pval,arch_lags,arch_stat,arch_pval,arch_effect
FPT_log_return,3.5135937697361452,0.6213317230472576,10.079572344758908,0.4335401037062271,16.917198230445127,0.6583436003805733,426.3610009087903,6.157752678097764e-90,618.7810839462052,1.6628179574701702e-126,836.5263015592549,2.473596079808677e-164,10,276.066160385041,1.7595125666650411e-53,True
VCB_log_return,4.319635479551412,0.5043718573439879,13.531141309715316,0.1954714035779951,19.68469516322869,0.4778024128964896,587.0776446715237,1.2525317102539916e-124,810.5798955826715,1.096379757400935e-167,1029.9388444047706,1.6052160775607318e-205,10,340.06753344601464,5.09893344084584e-67,True
VIC_log_return,26.170728000272995,8.268319404925795e-05,30.32893620884093,0.0007566739577650304,47.16278520828954,0.0005568328143138982,835.8032202205421,2.075723598217408e-178,1168.0170803270516,1.1396167835908492e-244,1423.630426307078,9.5420430664301e-290,10,443.8791750097714,4.22135719134721e-89,True
VNM_log_return,15.731979350623185,0.007652439592366487,18.72209615391091,0.04393780808884604,33.27835104723884,0.03144149484990267,521.9947146173479,1.4259341346049928e-110,623.0930617643866,1.9794068084703424e-127,724.0695102782373,1.7790762287970439e-140,10,320.97057351957636,5.682597175300363e-63,True
HPG_log_return,10.821050575977953,0.055045760046742526,16.27497015409343,0.09202697805241149,36.722481374227776,0.012631263807322582,450.2787968144702,4.2769378728858104e-95,693.5220746347155,1.5435796042155882e-142,922.1352904192851,1.5259028214674378e-182,10,322.2181455075439,3.0926924179084473e-63,True
VNINDEX_log_return,21.20811431604196,0.0007398989923130803,27.85706342961898,0.0019028412745849233,39.179564226800046,0.006332785992277343,703.3088094154649,9.458484923923402e-150,997.9938132233375,5.059008985263313e-208,1219.0813858664148,6.188014646396519e-246,10,422.6377783509345,1.4228986455203628e-84,True
VN30_log_return,12.790686541785432,0.025421242689278815,21.25583951168739,0.019378551985296415,33.613317424014205,0.028862575215917095,608.2313901894536,3.367395524102197e-129,892.8239142863451,2.2303987721021884e-185,1168.3114255451144,4.4681053914766866e-235,10,394.65265212792025,1.2931305521480255e-78,True
