series,lb_5_stat,lb_5_pval,lb_20_stat,lb_20_pval,lb_abs_5_stat,lb_abs_5_pval,lb_abs_20_stat,lb_abs_20_pval,arch_5_stat,arch_5_pval,arch_5_effect,arch_20_stat,arch_20_pval,arch_20_effect
FPT_log_return,3.5135937697361452,0.6213317230472576,16.917198230445127,0.6583436003805733,426.3610009087903,6.157752678097764e-90,836.5263015592549,2.473596079808677e-164,247.45961035130696,1.9282261664584488e-51,True,287.46344692482785,2.911971484693921e-49,True
VCB_log_return,4.319635479551412,0.5043718573439879,19.68469516322869,0.4778024128964896,587.0776446715237,1.2525317102539916e-124,1029.9388444047706,1.6052160775607318e-205,315.8246909100333,3.959555519699349e-66,True,361.85603601627906,1.598740961545468e-64,True
VIC_log_return,26.170728000272995,8.268319404925795e-05,47.16278520828954,0.0005568328143138982,835.8032202205421,2.075723598217408e-178,1423.630426307078,9.5420430664301e-290,404.9099708640548,2.594103057893429e-85,True,451.7929733496379,3.446666631882188e-83,True
VNM_log_return,15.731979350623185,0.007652439592366487,33.27835104723884,0.03144149484990267,521.9947146173479,1.4259341346049928e-110,724.0695102782373,1.7790762287970439e-140,291.1451808785884,8.018216247686994e-61,True,327.30276614144395,2.0750383636748218e-57,True
HPG_log_return,10.821050575977953,0.055045760046742526,36.722481374227776,0.012631263807322582,450.2787968144702,4.2769378728858104e-95,922.1352904192851,1.5259028214674378e-182,294.91098043499096,1.2435402328012046e-61,True,337.88832485775873,1.3868586414373203e-59,True
VNINDEX_log_return,21.20811431604196,0.0007398989923130803,39.179564226800046,0.006332785992277343,703.3088094154649,9.458484923923402e-150,1219.0813858664148,6.188014646396519e-246,398.62955545761804,5.856379437427286e-84,True,436.18072176550993,6.1764490295754145e-80,True
VN30_log_return,12.790686541785432,0.025421242689278815,33.613317424014205,0.028862575215917095,608.2313901894536,3.367395524102197e-129,1168.3114255451144,4.4681053914766866e-235,368.96752308413124,1.4406143252834205e-77,True,408.04013132205455,4.385267707222065e-74,True
