,FPT_log_return,VCB_log_return,VIC_log_return,VNM_log_return,HPG_log_return,VNINDEX_log_return,VN30_log_return
FPT_log_return,1.0,0.36232852759464595,0.2259548141859591,0.31850439740509734,0.41230220790881617,0.5737538197012434,0.6212582629615844
VCB_log_return,0.36232852759464595,1.0,0.29709731994392463,0.30173322176201867,0.39379254396541835,0.6466395108576204,0.6109182283491069
VIC_log_return,0.2259548141859591,0.29709731994392463,1.0,0.23739247815686826,0.24354055986445555,0.49787139266490277,0.4900633064747127
VNM_log_return,0.31850439740509734,0.30173322176201867,0.23739247815686826,1.0,0.258988619607874,0.5035641708755432,0.4944275589756422
HPG_log_return,0.41230220790881617,0.39379254396541835,0.24354055986445555,0.258988619607874,1.0,0.5809772209834123,0.6322399507180028
VNINDEX_log_return,0.5737538197012434,0.6466395108576204,0.49787139266490277,0.5035641708755432,0.5809772209834123,1.0,0.9454737896121487
VN30_log_return,0.6212582629615844,0.6109182283491069,0.4900633064747127,0.4944275589756422,0.6322399507180028,0.9454737896121487,1.0
