,FPT_log_return,VCB_log_return,VIC_log_return,VNM_log_return,HPG_log_return
FPT_log_return,1.0,-0.06475165322388679,-0.13292689423066006,0.0424005746970999,0.054369849047041785
VCB_log_return,-0.06475165322388679,1.0,-0.0951669591379169,-0.05814475083323719,-0.0006774430789821782
VIC_log_return,-0.13292689423066006,-0.0951669591379169,1.0,-0.0680696641689583,-0.1111722180049973
VNM_log_return,0.0424005746970999,-0.05814475083323719,-0.0680696641689583,1.0,-0.09407900039464666
HPG_log_return,0.054369849047041785,-0.0006774430789821782,-0.1111722180049973,-0.09407900039464666,1.0
